{
"type": "FeatureCollection",
"name": "merged",
"crs": { "type": "name", "properties": { "name": "urn:ogc:def:crs:EPSG::28992" } },
"features": [
{ "type": "Feature", "properties": { "IMBOR_URI": "https:\/\/data.crow.nl\/imbor\/def\/9d932904-c4b1-44e0-b151-b6df78f44a92", "status": "https:\/\/data.crow.nl\/imbor\/id\/domeinwaarden\/01a31554-111c-4765-82cb-79f0b178eb8e", "identificatie": "a946356a-21ec-4be0-9c14-631786921d3a", "tijdstipRegistratie": "2013\/03\/17 14:31:45", "eigenaar": "https:\/\/data.crow.nl\/imbor\/id\/domeinwaarden\/bb4f0add-edcd-4094-8752-5f1864913531", "in onderzoek": false, "objectnaam": "gpi5238", "verdichting": false, "domein": "http:\/\/example.com\/gemeente\/areaaldata\/" }, "geometry": { "type": "Polygon", "coordinates": [ [ [ 185653.887835778441513, 427929.748094374896027 ], [ 185651.230945974035421, 427927.041074574226514 ], [ 185654.13848575996235, 427924.23379478091374 ], [ 185656.895635556982597, 427927.442114544683136 ], [ 185653.887835778441513, 427929.748094374896027 ] ] ] } },
{ "type": "Feature", "properties": { "IMBOR_URI": "https:\/\/data.crow.nl\/imbor\/def\/38a36b34-a593-499d-b210-0c48fb40ca3b", "status": "https:\/\/data.crow.nl\/imbor\/id\/domeinwaarden\/d759852d-910a-4faa-90c3-20ee9745925f", "identificatie": "9a6f7b7f-db55-4929-b87d-ff0d7d1a6998", "tijdstipRegistratie": "2019\/05\/04 09:10:00", "eigenaar": "https:\/\/data.crow.nl\/imbor\/id\/domeinwaarden\/bb4f0add-edcd-4094-8752-5f1864913531", "in onderzoek": true, "objectnaam": "Armatuur5238.1", "domein": "http:\/\/example.com\/gemeente\/areaaldata\/", "aantal connectoren": 2 }, "geometry": { "type": "Point", "coordinates": [ 185654.513972263870528, 427926.865307471714914 ] } },
{ "type": "Feature", "properties": { "IMBOR_URI": "https:\/\/data.crow.nl\/imbor\/def\/941a17c1-a2b2-4cd1-8991-08b0ebcf0c2a", "status": "https:\/\/data.crow.nl\/imbor\/id\/domeinwaarden\/01a31554-111c-4765-82cb-79f0b178eb8e", "identificatie": "4db2734b-2295-4030-a349-9b5b2804c200", "tijdstipRegistratie": "2013\/04\/17 14:31:45", "eigenaar": "https:\/\/data.crow.nl\/imbor\/id\/domeinwaarden\/bb4f0add-edcd-4094-8752-5f1864913531", "in onderzoek": false, "objectnaam": "Speeltuin Kometenpark", "domein": "http:\/\/example.com\/gemeente\/areaaldata\/", "leeftijd doelgroep": "tot 5 jaar", "jaar herinrichting": 2017 }, "geometry": { "type": "Polygon", "coordinates": [ [ [ 185698.162166990805417, 427934.541144994494971 ], [ 185671.556933543237392, 427905.919377960439306 ], [ 185698.812661696138093, 427880.875331805611495 ], [ 185705.90305398410419, 427888.486119857872836 ], [ 185709.740972745494219, 427892.909483854018617 ], [ 185706.618598159955582, 427896.292056321690325 ], [ 185706.423449748370331, 427906.244625313091092 ], [ 185717.481859738792991, 427916.197194304491859 ], [ 185698.162166990805417, 427934.541144994494971 ] ] ] } },
{ "type": "Feature", "properties": { "IMBOR_URI": "https:\/\/data.crow.nl\/imbor\/def\/83a942f7-5291-42f0-afb1-9a57d0fb2f15", "status": "https:\/\/data.crow.nl\/imbor\/id\/domeinwaarden\/01a31554-111c-4765-82cb-79f0b178eb8e", "identificatie": "6fb4b2c7-69ec-4976-8489-6ad2d35d9e63", "tijdstipRegistratie": "2014\/03\/04 09:10:00", "eigenaar": "https:\/\/data.crow.nl\/imbor\/id\/domeinwaarden\/bb4f0add-edcd-4094-8752-5f1864913531", "in onderzoek": true, "objectnaam": "Boom5238", "domein": "http:\/\/example.com\/gemeente\/areaaldata\/", "boomhoogte actueel": 6.7, "leeftijd": 55 }, "geometry": { "type": "Point", "coordinates": [ 185654.513972263870528, 427926.865307471714914 ] } },
{ "type": "Feature", "properties": { "IMBOR_URI": "https:\/\/data.crow.nl\/imbor\/def\/d61e45b1-3651-4c01-9c63-b9bfadf25a16", "status": "https:\/\/data.crow.nl\/imbor\/id\/domeinwaarden\/d759852d-910a-4faa-90c3-20ee9745925f", "identificatie": "6daaff3c-abf4-49e2-9904-a7a11b57d878", "tijdstipRegistratie": "2022\/04\/18 18:00:00", "eigenaar": "https:\/\/data.crow.nl\/imbor\/id\/domeinwaarden\/bb4f0add-edcd-4094-8752-5f1864913531", "in onderzoek": false, "objectnaam": "Hek_kompark_speeltuin", "domein": "http:\/\/example.com\/gemeente\/areaaldata\/", "type": "Buishek", "verplaatsbaar": false, "hoogteklasse hek": "1 tot 1,5 m." }, "geometry": { "type": "MultiLineString", "coordinates": [ [ [ 185645.927442153653828, 427930.247879939386621 ], [ 185670.255944132601144, 427909.301950428111013 ], [ 185695.560188169532921, 427936.427579639886972 ] ] ] } },
{ "type": "Feature", "properties": { "identificatieA": "6fb4b2c7-69ec-4976-8489-6ad2d35d9e63", "relatieURI": "https:\/\/w3id.org\/nen2660\/def#hasPart", "identificatieB": "9a6f7b7f-db55-4929-b87d-ff0d7d1a6998" }, "geometry": null },
{ "type": "Feature", "properties": { "identificatieA": "6fb4b2c7-69ec-4976-8489-6ad2d35d9e63", "relatieURI": "https:\/\/w3id.org\/nen2660\/def#isConnectedTo", "identificatieB": "a946356a-21ec-4be0-9c14-631786921d3a" }, "geometry": null }
]
}
